Protein1_ID,Protein2_ID,label
1416,1,1
5970,1,1
12732,1,1
4278,1,1
9174,1,1
754,1,1
11312,1,1
7269,1,1
12932,1,1
4440,1,1
3367,1,1
7623,1,1
2301,1,1
5250,1,1
11237,1,1
7029,1,1
2949,1,1
4684,1,1
2055,1,1
10678,1,1
5506,1,1
12819,1,1
4876,1,1
7649,1,1
168,1,1
2933,1,1
10375,1,1
902,1,1
2232,1,1
6121,1,1
10759,1,1
5117,1,1
7054,1,1
8110,1,1
1310,1,1
6561,1,1
749,1,1
6259,1,1
10523,1,1
284,1,1
11411,1,1
11158,1,1
3050,1,1
8976,1,1
3810,1,1
3007,1,1
8653,1,1
2828,1,1
5987,1,1
13939,1,1
14938,1,1
15313,1,1
1365,1,1
711,1,1
3171,1,1
4591,1,1
9755,1,1
11235,1,1
4695,1,1
6560,1,1
7397,1,1
3275,1,1
2994,1,1
2063,1,1
3745,1,1
10369,1,1
432,1,1
3925,1,1
12818,1,1
1816,1,1
500,1,1
1701,1,1
6266,1,1
2094,1,1
6762,1,1
4540,1,1
7125,1,1
11516,1,1
532,1,1
8443,1,1
6973,1,1
503,1,1
10742,1,1
7973,1,1
1394,1,1
8950,1,1
1753,1,1
9898,1,1
2130,1,1
11092,1,1
3148,1,1
6689,1,1
15111,1,1
1687,1,1
4390,1,1
911,1,1
6811,1,1
2035,1,1
7260,1,1
2352,1,1
9564,1,1
7030,1,1
8026,1,1
4295,1,1
12942,1,1
6201,1,1
7935,1,1
4583,1,1
3645,1,1
14701,1,1
6285,1,1
15164,1,1
7044,1,1
4423,1,1
615,1,1
5273,1,1
7238,1,1
4676,1,1
1839,1,1
6930,1,1
859,1,1
3907,1,1
7100,1,1
10434,1,1
5618,1,1
11137,1,1
2926,1,1
11310,1,1
10386,1,1
6662,1,1
846,1,1
6966,1,1
1181,1,1
1766,1,1
5267,1,1
15400,1,1
2348,1,1
7968,1,1
4938,1,1
1813,1,1
1941,1,1
1664,1,1
12229,1,1
420,1,1
7419,1,1
1027,1,1
5876,1,1
7693,1,1
471,1,1
10353,1,1
8135,1,1
10525,1,1
3046,1,1
4732,1,1
7743,1,1
1902,1,1
1554,1,1
12955,1,1
10608,1,1
4012,1,1
7890,1,1
7750,1,1
8021,1,1
1975,1,1
10179,1,1
7109,1,1
2910,1,1
1417,1,1
4409,1,1
1318,1,1
939,1,1
297,1,1
11842,1,1
13037,1,1
8458,1,1
6294,1,1
664,1,1
7141,1,1
6367,1,1
6167,1,1
11481,1,1
9389,1,1
6683,1,1
1012,1,1
6763,1,1
7785,1,1
3855,1,1
7550,1,1
136,1,1
14510,1,1
14262,1,1
4868,1,1
9970,1,1
6767,1,1
3915,1,1
10710,1,1
10480,1,1
2611,1,1
8296,1,1
2220,1,1
3462,1,1
1933,1,1
3160,1,1
15110,1,1
15287,1,1
8471,1,1
3896,1,1
7090,1,1
2542,1,1
1211,1,1
2369,1,1
10381,1,1
147,1,1
9540,1,1
3492,1,1
6088,1,1
3906,1,1
11401,1,1
11253,1,1
8045,1,1
2219,1,1
270,1,1
15129,1,1
1764,1,1
1866,1,1
1819,1,1
14654,1,1
2954,1,1
11228,1,1
6371,1,1
9558,1,1
11211,1,1
1910,1,1
6898,1,1
12772,1,1
7448,1,1
8770,1,1
12812,1,1
1265,1,1
5270,1,1
1209,1,1
8047,1,1
10494,1,1
9723,1,1
6346,1,1
10585,1,1
576,1,1
11578,1,1
5884,1,1
1872,1,1
1283,1,1
160,1,1
7768,1,1
2003,1,1
11417,1,1
5272,1,1
531,1,1
6361,1,1
7202,1,1
4179,1,1
7557,1,1
6423,1,1
1326,1,1
4177,1,1
6159,1,1
7001,1,1
164,1,1
952,1,1
7746,1,1
1801,1,1
11174,1,1
3829,1,1
4650,1,1
7838,1,1
8961,1,1
5820,1,1
10016,1,1
161,1,1
9069,1,1
12569,1,1
5285,1,1
6666,1,1
2230,1,1
6777,1,1
4161,1,1
2556,1,1
10641,1,1
4763,1,1
11863,1,1
3848,1,1
5754,1,1
6788,1,1
10938,1,1
9221,1,1
3610,1,1
6150,1,1
5547,1,1
3691,1,1
10374,1,1
11197,1,1
511,1,1
4239,1,1
12135,1,1
1717,1,1
3195,1,1
1442,1,1
1841,1,1
4699,1,1
193,1,1
10999,1,1
3903,1,1
1092,1,1
15525,1,1
5225,1,1
628,1,1
14438,1,1
7248,1,1
2618,1,1
6306,1,1
7395,1,1
1617,1,1
6778,1,1
7748,1,1
7137,1,1
5242,1,1
7148,1,1
6553,1,1
9338,1,1
7117,1,1
7142,1,1
2191,1,1
3506,1,1
2226,1,1
15138,1,1
3189,1,1
8838,1,1
5868,1,1
1280,1,1
12957,1,1
9440,1,1
7485,1,1
1075,1,1
4986,1,1
1829,1,1
5556,1,1
972,1,1
1253,1,1
7576,1,1
5881,1,1
3199,1,1
6288,1,1
10616,1,1
7481,1,1
11450,1,1
436,1,1
1035,1,1
5227,1,1
7351,1,1
6851,1,1
4696,1,1
6687,1,1
2400,1,1
8052,1,1
11057,1,1
10628,1,1
4321,1,1
3975,1,1
482,1,1
6198,1,1
3782,1,1
11258,1,1
2456,1,1
2383,1,1
14996,1,1
10696,1,1
7400,1,1
743,1,1
11924,1,1
3125,1,1
9584,1,1
2028,1,1
6064,1,1
1485,1,1
7889,1,1
1991,1,1
8228,1,1
6212,1,1
9322,1,1
6180,1,1
3536,1,1
2391,1,1
10362,1,1
7278,1,1
6922,1,1
4586,1,1
1486,1,1
8859,1,1
12983,1,1
10161,1,1
595,1,1
12485,1,1
896,1,1
737,1,1
1230,1,1
4439,1,1
4340,1,1
124,1,1
11053,1,1
2233,1,1
3036,1,1
1409,1,1
10646,1,1
617,1,1
155,1,1
6350,1,1
7281,1,1
3640,1,1
3030,1,1
981,1,1
1308,1,1
1939,1,1
5509,1,1
688,1,1
6293,1,1
198,1,1
10083,1,1
984,1,1
1249,1,1
7363,1,1
8339,1,1
411,1,1
1023,1,1
13239,1,1
7594,1,1
9553,1,1
380,1,1
5373,1,1
15427,1,1
3490,1,1
1568,1,1
10524,1,1
7523,1,1
6733,1,1
8964,1,1
3196,1,1
2159,1,1
294,1,1
2068,1,1
9976,1,1
12351,1,1
12754,1,1
11157,1,1
3231,1,1
3908,1,1
3606,1,1
1156,1,1
7989,1,1
12180,1,1
1247,1,1
10065,1,1
788,1,1
1545,1,1
909,1,1
6657,1,1
2223,1,1
6780,1,1
801,1,1
1258,1,1
10477,1,1
11691,1,1
10059,1,1
3409,1,1
7966,1,1
427,1,1
11054,1,1
1068,1,1
7522,1,1
9561,1,1
6342,1,1
591,1,1
5627,1,1
359,1,1
10845,1,1
966,1,1
10539,1,1
2112,1,1
4904,1,1
10715,1,1
13956,1,1
602,1,1
6161,1,1
4422,1,1
2863,1,1
12976,1,1
2737,1,1
5247,1,1
10300,1,1
4558,1,1
6413,1,1
7528,1,1
4277,1,1
5222,1,1
1636,1,1
4312,1,1
6943,1,1
6162,1,1
3405,1,1
1134,1,1
11333,1,1
8919,1,1
11102,1,1
11606,1,1
11060,1,1
1311,1,1
1186,1,1
7787,1,1
6379,1,1
9905,1,1
1923,1,1
4317,1,1
5231,1,1
7803,1,1
5864,1,1
2111,1,1
1199,1,1
4292,1,1
6941,1,1
5223,1,1
3084,1,1
7364,1,1
6478,1,1
1615,1,1
10864,1,1
6025,1,1
2056,1,1
1449,1,1
10069,1,1
14736,1,1
481,1,1
11225,1,1
1574,1,1
9538,1,1
6563,1,1
8889,1,1
2231,1,1
9565,1,1
162,1,1
3517,1,1
11768,1,1
6598,1,1
7558,1,1
6335,1,1
3335,1,1
6782,1,1
4950,1,1
7657,1,1
794,1,1
6779,1,1
8012,1,1
11022,1,1
10388,1,1
1510,1,1
6819,1,1
1692,1,1
2347,1,1
2985,1,1
2052,1,1
6672,1,1
7919,1,1
4276,1,1
4497,1,1
9983,1,1
6825,1,1
11916,1,1
12198,1,1
6768,1,1
1834,1,1
1629,1,1
2134,1,1
10343,1,1
3441,1,1
10100,1,1
6407,1,1
6829,1,1
4412,1,1
15529,1,1
11334,1,1
3525,1,1
2307,1,1
6251,1,1
9345,1,1
1797,1,1
6399,1,1
7977,1,1
4035,1,1
6035,1,1
11492,1,1
1538,1,1
5226,1,1
11029,1,1
3580,1,1
1076,1,1
6588,1,1
11292,1,1
443,1,1
10957,1,1
7085,1,1
1749,1,1
1779,1,1
8024,1,1
5425,1,1
6028,1,1
13530,1,1
5229,1,1
6299,1,1
3973,1,1
1298,1,1
1718,1,1
988,1,1
7692,1,1
1868,1,1
11496,1,1
1730,1,1
322,1,1
6632,1,1
1170,1,1
12372,1,1
11276,1,1
6289,1,1
9536,1,1
11109,1,1
2058,1,1
1414,1,1
10808,1,1
10811,1,1
7984,1,1
10915,1,1
7864,1,1
4228,1,1
977,1,1
6313,1,1
10421,1,1
7114,1,1
2109,1,1
10136,1,1
1552,1,1
7570,1,1
6238,1,1
7027,1,1
9546,1,1
7344,1,1
6445,1,1
6801,1,1
6785,1,1
10084,1,1
1158,1,1
6458,1,1
6651,1,1
15367,1,1
234,1,1
7381,1,1
3981,1,1
323,1,1
11881,1,1
5887,1,1
260,1,1
10415,1,1
13099,1,1
7226,1,1
7960,1,1
1345,1,1
4472,1,1
1444,1,1
7893,1,1
7656,1,1
9090,1,1
7239,1,1
6030,1,1
10913,1,1
5835,1,1
7779,1,1
1953,1,1
12964,1,1
2807,1,1
7645,1,1
748,1,1
1611,1,1
634,1,1
5296,1,1
8375,1,1
15154,1,1
14613,1,1
5286,1,1
2291,1,1
11484,1,1
7198,1,1
4890,1,1
1416,0,1
754,0,1
11192,0,1
12932,0,1
3367,0,1
11904,0,1
7623,0,1
5250,0,1
7029,0,1
2055,0,1
10678,0,1
12819,0,1
168,0,1
10375,0,1
2232,0,1
7054,0,1
1310,0,1
749,0,1
10523,0,1
284,0,1
14606,0,1
11158,0,1
10438,0,1
3050,0,1
3007,0,1
5987,0,1
10814,0,1
14938,0,1
15313,0,1
711,0,1
3171,0,1
4591,0,1
10137,0,1
15494,0,1
9755,0,1
4695,0,1
2267,0,1
3354,0,1
4942,0,1
3275,0,1
2063,0,1
3925,0,1
12818,0,1
1816,0,1
1701,0,1
6266,0,1
2094,0,1
6762,0,1
4540,0,1
11516,0,1
863,0,1
10742,0,1
1394,0,1
8950,0,1
2130,0,1
1687,0,1
4390,0,1
911,0,1
6811,0,1
6377,0,1
7260,0,1
2352,0,1
9564,0,1
7030,0,1
8026,0,1
6071,0,1
7935,0,1
4583,0,1
6968,0,1
6285,0,1
15164,0,1
11503,0,1
615,0,1
5273,0,1
4676,0,1
6375,0,1
1839,0,1
6930,0,1
7187,0,1
859,0,1
3907,0,1
5618,0,1
11310,0,1
12767,0,1
846,0,1
3106,0,1
6966,0,1
1181,0,1
1541,0,1
9676,0,1
15400,0,1
2348,0,1
1027,0,1
7693,0,1
7240,0,1
471,0,1
8135,0,1
10525,0,1
3046,0,1
4732,0,1
5882,0,1
1554,0,1
2046,0,1
12955,0,1
7057,0,1
1895,0,1
10608,0,1
6469,0,1
7750,0,1
6815,0,1
1975,0,1
10179,0,1
2910,0,1
4409,0,1
1349,0,1
11842,0,1
13037,0,1
8458,0,1
664,0,1
1897,0,1
6167,0,1
6763,0,1
7785,0,1
11464,0,1
14262,0,1
6096,0,1
9970,0,1
3915,0,1
8296,0,1
2220,0,1
6619,0,1
6255,0,1
7643,0,1
15287,0,1
1038,0,1
361,0,1
7090,0,1
2542,0,1
10381,0,1
3492,0,1
11145,0,1
3906,0,1
11401,0,1
953,0,1
2219,0,1
270,0,1
15129,0,1
1764,0,1
2816,0,1
1819,0,1
1411,0,1
14654,0,1
11297,0,1
1384,0,1
6831,0,1
9558,0,1
1910,0,1
6898,0,1
8770,0,1
6701,0,1
12812,0,1
1265,0,1
5270,0,1
6346,0,1
10585,0,1
576,0,1
11578,0,1
1872,0,1
160,0,1
3491,0,1
7768,0,1
2003,0,1
531,0,1
1454,0,1
6361,0,1
4179,0,1
6423,0,1
1326,0,1
164,0,1
952,0,1
4596,0,1
1801,0,1
2108,0,1
8961,0,1
8310,0,1
10007,0,1
4574,0,1
6666,0,1
2230,0,1
159,0,1
2556,0,1
6724,0,1
11863,0,1
8381,0,1
5754,0,1
9221,0,1
3610,0,1
10374,0,1
11197,0,1
1084,0,1
10184,0,1
193,0,1
10999,0,1
5816,0,1
5225,0,1
6306,0,1
1064,0,1
7748,0,1
7137,0,1
7148,0,1
9338,0,1
7117,0,1
7142,0,1
2032,0,1
272,0,1
2226,0,1
15138,0,1
8838,0,1
8966,0,1
8125,0,1
5868,0,1
951,0,1
12957,0,1
7485,0,1
1075,0,1
4986,0,1
551,0,1
972,0,1
12806,0,1
7576,0,1
3199,0,1
6288,0,1
2993,0,1
4011,0,1
1035,0,1
5227,0,1
7351,0,1
6851,0,1
4696,0,1
6687,0,1
6225,0,1
482,0,1
2456,0,1
2383,0,1
743,0,1
2028,0,1
6064,0,1
6638,0,1
7889,0,1
3309,0,1
6180,0,1
3536,0,1
10362,0,1
6922,0,1
6962,0,1
4586,0,1
12983,0,1
1762,0,1
1230,0,1
4439,0,1
7031,0,1
6980,0,1
4340,0,1
10646,0,1
6350,0,1
3640,0,1
2725,0,1
3048,0,1
9214,0,1
7106,0,1
15220,0,1
198,0,1
10083,0,1
6402,0,1
8715,0,1
10524,0,1
10242,0,1
6733,0,1
8964,0,1
1892,0,1
3478,0,1
294,0,1
9976,0,1
9836,0,1
791,0,1
2316,0,1
7989,0,1
12180,0,1
1738,0,1
10065,0,1
1545,0,1
1077,0,1
7966,0,1
427,0,1
1068,0,1
755,0,1
7522,0,1
9561,0,1
5650,0,1
13956,0,1
2863,0,1
15155,0,1
6181,0,1
4558,0,1
449,0,1
5222,0,1
4312,0,1
8570,0,1
3518,0,1
6162,0,1
1134,0,1
11333,0,1
8919,0,1
7025,0,1
10079,0,1
2111,0,1
5223,0,1
1615,0,1
2056,0,1
3337,0,1
1400,0,1
11225,0,1
1105,0,1
9538,0,1
8889,0,1
2231,0,1
162,0,1
6335,0,1
3335,0,1
6782,0,1
11113,0,1
9011,0,1
794,0,1
6779,0,1
156,0,1
6819,0,1
2052,0,1
7919,0,1
4276,0,1
6825,0,1
11916,0,1
10203,0,1
2113,0,1
1629,0,1
2134,0,1
1683,0,1
6829,0,1
4412,0,1
9345,0,1
6581,0,1
10279,0,1
6399,0,1
9077,0,1
10228,0,1
1116,0,1
15256,0,1
1749,0,1
1779,0,1
5337,0,1
13530,0,1
278,0,1
1718,0,1
2865,0,1
1730,0,1
1878,0,1
2058,0,1
10811,0,1
10915,0,1
4228,0,1
10421,0,1
7381,0,1
9153,0,1
3981,0,1
6026,0,1
4472,0,1
6688,0,1
12193,0,1
1571,0,1
5898,0,1
1416,2,1
5970,2,1
9174,2,1
754,2,1
11312,2,1
7269,2,1
12932,2,1
9907,2,1
3367,2,1
11904,2,1
7623,2,1
2301,2,1
5250,2,1
11237,2,1
2949,2,1
4684,2,1
235,2,1
2055,2,1
10678,2,1
5506,2,1
12819,2,1
7549,2,1
168,2,1
2933,2,1
10375,2,1
902,2,1
2232,2,1
9638,2,1
6121,2,1
10759,2,1
1431,2,1
5117,2,1
1310,2,1
1887,2,1
6259,2,1
10523,2,1
284,2,1
11158,2,1
10438,2,1
8976,2,1
4486,2,1
3810,2,1
3007,2,1
2828,2,1
522,2,1
10814,2,1
13939,2,1
711,2,1
4591,2,1
10137,2,1
15494,2,1
6862,2,1
4695,2,1
7397,2,1
11048,2,1
3354,2,1
3275,2,1
10699,2,1
2994,2,1
10630,2,1
12936,2,1
2063,2,1
3745,2,1
3925,2,1
12818,2,1
1816,2,1
500,2,1
4540,2,1
7125,2,1
532,2,1
10735,2,1
6973,2,1
863,2,1
503,2,1
10742,2,1
1394,2,1
15329,2,1
8950,2,1
1753,2,1
9898,2,1
5635,2,1
11092,2,1
3148,2,1
6689,2,1
15111,2,1
4390,2,1
6811,2,1
2035,2,1
7260,2,1
1334,2,1
9564,2,1
7030,2,1
4295,2,1
6071,2,1
6201,2,1
7935,2,1
4583,2,1
760,2,1
14701,2,1
6968,2,1
15164,2,1
7044,2,1
11503,2,1
5885,2,1
5273,2,1
7238,2,1
4676,2,1
6375,2,1
1839,2,1
1943,2,1
7187,2,1
859,2,1
7100,2,1
5618,2,1
2926,2,1
6662,2,1
58,2,1
6966,2,1
1181,2,1
1766,2,1
1541,2,1
9676,2,1
5267,2,1
2348,2,1
9556,2,1
4938,2,1
1813,2,1
1941,2,1
1664,2,1
12229,2,1
420,2,1
7419,2,1
1027,2,1
5876,2,1
13490,2,1
2617,2,1
10353,2,1
8135,2,1
10525,2,1
3046,2,1
4732,2,1
5882,2,1
7743,2,1
1554,2,1
12562,2,1
2046,2,1
7651,2,1
1895,2,1
4012,2,1
6469,2,1
7890,2,1
6815,2,1
1975,2,1
10179,2,1
7109,2,1
2910,2,1
1417,2,1
1318,2,1
297,2,1
11842,2,1
13037,2,1
8458,2,1
6294,2,1
7141,2,1
11055,2,1
1897,2,1
6367,2,1
11481,2,1
9389,2,1
6683,2,1
1012,2,1
7785,2,1
11464,2,1
136,2,1
9537,2,1
14510,2,1
6582,2,1
4868,2,1
6096,2,1
6767,2,1
5825,2,1
10710,2,1
10480,2,1
2611,2,1
8296,2,1
2220,2,1
12277,2,1
1933,2,1
3160,2,1
6255,2,1
15110,2,1
7643,2,1
8471,2,1
3896,2,1
1038,2,1
10981,2,1
2542,2,1
1211,2,1
2369,2,1
8723,2,1
10381,2,1
2013,2,1
147,2,1
9540,2,1
404,2,1
6088,2,1
2168,2,1
4690,2,1
11401,2,1
11253,2,1
682,2,1
8045,2,1
3091,2,1
1866,2,1
14990,2,1
1819,2,1
14654,2,1
11297,2,1
11228,2,1
6371,2,1
1384,2,1
6831,2,1
9558,2,1
11211,2,1
1910,2,1
6898,2,1
12772,2,1
7448,2,1
8770,2,1
1265,2,1
5270,2,1
1209,2,1
8047,2,1
10494,2,1
576,2,1
5884,2,1
1872,2,1
1283,2,1
160,2,1
1780,2,1
4214,2,1
3491,2,1
7768,2,1
11417,2,1
5272,2,1
7202,2,1
4179,2,1
1326,2,1
4177,2,1
6159,2,1
7001,2,1
164,2,1
952,2,1
4596,2,1
7746,2,1
1801,2,1
3829,2,1
2108,2,1
4650,2,1
3103,2,1
7838,2,1
2490,2,1
8310,2,1
5820,2,1
10016,2,1
1817,2,1
10464,2,1
9069,2,1
10761,2,1
12569,2,1
10007,2,1
4574,2,1
7093,2,1
5285,2,1
2230,2,1
6777,2,1
4161,2,1
6724,2,1
10641,2,1
6494,2,1
11863,2,1
3848,2,1
6641,2,1
5754,2,1
6788,2,1
10938,2,1
9221,2,1
6150,2,1
5547,2,1
10703,2,1
511,2,1
5275,2,1
12259,2,1
12135,2,1
1717,2,1
3195,2,1
1084,2,1
1841,2,1
4699,2,1
5816,2,1
15525,2,1
5225,2,1
14438,2,1
7248,2,1
2618,2,1
6306,2,1
7395,2,1
1617,2,1
1064,2,1
6778,2,1
15356,2,1
5242,2,1
7148,2,1
12586,2,1
6553,2,1
7142,2,1
2191,2,1
3506,2,1
15138,2,1
8355,2,1
12695,2,1
3189,2,1
8838,2,1
8966,2,1
5868,2,1
951,2,1
1280,2,1
9440,2,1
7485,2,1
1075,2,1
551,2,1
1829,2,1
5556,2,1
2395,2,1
972,2,1
12806,2,1
1253,2,1
7576,2,1
5881,2,1
3199,2,1
6288,2,1
10616,2,1
2993,2,1
11755,2,1
4011,2,1
6620,2,1
7481,2,1
1931,2,1
436,2,1
1035,2,1
5227,2,1
6851,2,1
4696,2,1
3991,2,1
6687,2,1
2400,2,1
8052,2,1
6363,2,1
11057,2,1
10628,2,1
1343,2,1
3975,2,1
482,2,1
6198,2,1
3782,2,1
2383,2,1
10696,2,1
10826,2,1
11924,2,1
3125,2,1
2028,2,1
6064,2,1
6638,2,1
1485,2,1
7889,2,1
1991,2,1
3309,2,1
8228,2,1
6212,2,1
9322,2,1
6180,2,1
3536,2,1
10362,2,1
7278,2,1
6922,2,1
6962,2,1
4586,2,1
1486,2,1
12983,2,1
6805,2,1
12485,2,1
8107,2,1
737,2,1
5431,2,1
4439,2,1
7031,2,1
6980,2,1
4340,2,1
1389,2,1
3036,2,1
1409,2,1
10646,2,1
10230,2,1
617,2,1
7791,2,1
7281,2,1
3030,2,1
981,2,1
1939,2,1
5509,2,1
688,2,1
6293,2,1
7106,2,1
5423,2,1
15220,2,1
6265,2,1
984,2,1
7363,2,1
15433,2,1
1023,2,1
7594,2,1
1254,2,1
9553,2,1
8715,2,1
380,2,1
5373,2,1
6716,2,1
15427,2,1
3490,2,1
5448,2,1
10524,2,1
10242,2,1
6122,2,1
8964,2,1
11397,2,1
15137,2,1
1892,2,1
3196,2,1
6052,2,1
3478,2,1
2068,2,1
9976,2,1
12351,2,1
12754,2,1
3231,2,1
6617,2,1
791,2,1
3908,2,1
4451,2,1
8394,2,1
1156,2,1
10653,2,1
7989,2,1
12180,2,1
1247,2,1
788,2,1
909,2,1
1077,2,1
7243,2,1
6780,2,1
801,2,1
1962,2,1
1258,2,1
11691,2,1
10059,2,1
3409,2,1
9589,2,1
427,2,1
9369,2,1
1068,2,1
755,2,1
7522,2,1
9561,2,1
6342,2,1
841,2,1
7379,2,1
6338,2,1
565,2,1
10845,2,1
966,2,1
10539,2,1
5650,2,1
6590,2,1
2112,2,1
10715,2,1
1986,2,1
13956,2,1
6161,2,1
920,2,1
12976,2,1
5247,2,1
207,2,1
10300,2,1
6181,2,1
3020,2,1
4558,2,1
7528,2,1
449,2,1
5222,2,1
1636,2,1
6162,2,1
3405,2,1
1134,2,1
11333,2,1
8185,2,1
4949,2,1
1186,2,1
7787,2,1
1091,2,1
10079,2,1
4317,2,1
5231,2,1
7803,2,1
2111,2,1
1199,2,1
6941,2,1
5223,2,1
90,2,1
3084,2,1
7364,2,1
6478,2,1
10864,2,1
2056,2,1
151,2,1
14736,2,1
6479,2,1
1608,2,1
9534,2,1
481,2,1
1400,2,1
11225,2,1
1574,2,1
9538,2,1
6563,2,1
8889,2,1
2231,2,1
9565,2,1
3517,2,1
6598,2,1
7558,2,1
6955,2,1
6335,2,1
6782,2,1
4950,2,1
7657,2,1
11113,2,1
9011,2,1
8275,2,1
8012,2,1
10388,2,1
156,2,1
6819,2,1
5731,2,1
2347,2,1
2985,2,1
2052,2,1
6672,2,1
12951,2,1
7919,2,1
4276,2,1
4497,2,1
7439,2,1
12198,2,1
8752,2,1
10203,2,1
6768,2,1
1834,2,1
2113,2,1
2134,2,1
10343,2,1
1683,2,1
6407,2,1
6829,2,1
4412,2,1
11334,2,1
1563,2,1
1272,2,1
14948,2,1
2307,2,1
6581,2,1
7023,2,1
6399,2,1
11492,2,1
1538,2,1
5226,2,1
11029,2,1
3580,2,1
1076,2,1
5284,2,1
6833,2,1
5935,2,1
11292,2,1
443,2,1
1116,2,1
6668,2,1
6183,2,1
15256,2,1
13273,2,1
5337,2,1
4476,2,1
6124,2,1
13530,2,1
278,2,1
5229,2,1
6299,2,1
6769,2,1
1718,2,1
988,2,1
6308,2,1
9881,2,1
7692,2,1
958,2,1
12931,2,1
1730,2,1
322,2,1
6632,2,1
3818,2,1
527,2,1
11276,2,1
330,2,1
1878,2,1
6289,2,1
2058,2,1
1414,2,1
10808,2,1
10915,2,1
5217,2,1
7864,2,1
4228,2,1
7354,2,1
2109,2,1
10568,2,1
11399,2,1
1552,2,1
7570,2,1
14387,2,1
6238,2,1
7027,2,1
6801,2,1
6785,2,1
10084,2,1
10723,2,1
2450,2,1
6651,2,1
1006,2,1
6848,2,1
234,2,1
7381,2,1
6937,2,1
1550,2,1
3981,2,1
323,2,1
11881,2,1
5887,2,1
10415,2,1
7440,2,1
6547,2,1
7226,2,1
1444,2,1
7656,2,1
9090,2,1
6688,2,1
10913,2,1
9418,2,1
5835,2,1
7779,2,1
10625,2,1
2807,2,1
7645,2,1
1571,2,1
748,2,1
1611,2,1
9365,2,1
3263,2,1
5296,2,1
4313,2,1
11794,2,1
7198,2,1
13275,2,1
5970,10,1
11192,10,1
4440,10,1
5250,10,1
11237,10,1
2055,10,1
2232,10,1
7054,10,1
8110,10,1
4486,10,1
8653,10,1
14938,10,1
10137,10,1
11235,10,1
2994,10,1
10630,10,1
432,10,1
7125,10,1
863,10,1
5888,10,1
7973,10,1
2035,10,1
7260,10,1
1334,10,1
8026,10,1
4295,10,1
7935,10,1
6425,10,1
5885,10,1
615,10,1
6375,10,1
6930,10,1
10755,10,1
1181,10,1
1541,10,1
9676,10,1
1813,10,1
1027,10,1
5876,10,1
7693,10,1
7240,10,1
1674,10,1
1902,10,1
7057,10,1
4409,10,1
1349,10,1
297,10,1
6294,10,1
6367,10,1
6167,10,1
6683,10,1
1012,10,1
11464,10,1
4868,10,1
2220,10,1
6619,10,1
3492,10,1
912,10,1
1764,10,1
1866,10,1
1819,10,1
6831,10,1
10585,10,1
576,10,1
5884,10,1
160,10,1
11417,10,1
164,10,1
952,10,1
2490,10,1
8961,10,1
10007,10,1
4574,10,1
5285,10,1
15263,10,1
11197,10,1
1084,10,1
4699,10,1
628,10,1
2226,10,1
951,10,1
551,10,1
2395,10,1
12806,10,1
4696,10,1
7916,10,1
4321,10,1
14996,10,1
743,10,1
6064,10,1
5822,10,1
3309,10,1
6922,10,1
595,10,1
2233,10,1
1249,10,1
1568,10,1
12754,10,1
7658,10,1
1738,10,1
1962,10,1
1068,10,1
841,10,1
2863,10,1
10300,10,1
6181,10,1
8570,10,1
1923,10,1
3337,10,1
11113,10,1
156,10,1
2985,10,1
6238,10,1
5970,8,1
12732,8,1
9174,8,1
754,8,1
4440,8,1
11904,8,1
2055,8,1
10678,8,1
168,8,1
5117,8,1
7054,8,1
749,8,1
6259,8,1
11158,8,1
10814,8,1
14938,8,1
15313,8,1
1365,8,1
3171,8,1
10137,8,1
11235,8,1
3354,8,1
10699,8,1
12936,8,1
2063,8,1
10369,8,1
432,8,1
3925,8,1
12818,8,1
1816,8,1
1701,8,1
4540,8,1
10735,8,1
6973,8,1
7973,8,1
1753,8,1
9564,8,1
15426,8,1
8026,8,1
4295,8,1
5885,8,1
615,8,1
4676,8,1
6375,8,1
3470,8,1
1943,8,1
10755,8,1
3907,8,1
5618,8,1
11310,8,1
12767,8,1
10386,8,1
846,8,1
3106,8,1
1541,8,1
2348,8,1
7968,8,1
1027,8,1
5876,8,1
7693,8,1
7240,8,1
471,8,1
1674,8,1
8135,8,1
165,8,1
1902,8,1
1554,8,1
7651,8,1
12955,8,1
7057,8,1
6815,8,1
1975,8,1
1417,8,1
13037,8,1
664,8,1
1897,8,1
6367,8,1
1012,8,1
6763,8,1
3855,8,1
4868,8,1
9970,8,1
6767,8,1
5825,8,1
2611,8,1
2220,8,1
6619,8,1
6255,8,1
15110,8,1
8471,8,1
1038,8,1
10381,8,1
2013,8,1
404,8,1
3492,8,1
6088,8,1
4690,8,1
912,8,1
270,8,1
1764,8,1
1866,8,1
14990,8,1
1819,8,1
14654,8,1
1384,8,1
1910,8,1
1265,8,1
576,8,1
160,8,1
3491,8,1
2003,8,1
11417,8,1
531,8,1
1454,8,1
6361,8,1
4179,8,1
7557,8,1
6423,8,1
4177,8,1
6159,8,1
952,8,1
2108,8,1
1817,8,1
161,8,1
10007,8,1
4574,8,1
6724,8,1
5754,8,1
5547,8,1
11197,8,1
4239,8,1
12135,8,1
1084,8,1
10184,8,1
1841,8,1
4699,8,1
10999,8,1
5816,8,1
7748,8,1
2441,8,1
7137,8,1
8838,8,1
951,8,1
12957,8,1
7485,8,1
551,8,1
2395,8,1
972,8,1
6288,8,1
436,8,1
6851,8,1
7916,8,1
3782,8,1
14996,8,1
10826,8,1
11924,8,1
9584,8,1
6064,8,1
5822,8,1
6070,8,1
3309,8,1
10362,8,1
595,8,1
737,8,1
4340,8,1
124,8,1
2233,8,1
155,8,1
3048,8,1
1249,8,1
380,8,1
3490,8,1
1568,8,1
8964,8,1
11397,8,1
12754,8,1
7658,8,1
3908,8,1
2316,8,1
7989,8,1
1738,8,1
6657,8,1
2223,8,1
7243,8,1
841,8,1
10539,8,1
5650,8,1
6590,8,1
10715,8,1
13956,8,1
6161,8,1
920,8,1
2863,8,1
12976,8,1
15155,8,1
10300,8,1
8570,8,1
6162,8,1
5200,8,1
1809,8,1
1923,8,1
5231,8,1
1615,8,1
2056,8,1
3337,8,1
1400,8,1
162,8,1
3517,8,1
6335,8,1
3335,8,1
4950,8,1
6779,8,1
8012,8,1
156,8,1
2985,8,1
12951,8,1
2113,8,1
1629,8,1
2134,8,1
6407,8,1
1563,8,1
6035,8,1
6183,8,1
1779,8,1
365,8,1
3973,8,1
6769,8,1
1730,8,1
11276,8,1
7984,8,1
6238,8,1
10723,8,1
10176,8,1
3769,8,1
5970,20,1
12932,20,1
235,20,1
10678,20,1
168,20,1
8110,20,1
3171,20,1
4591,20,1
2994,20,1
5635,20,1
15426,20,1
4295,20,1
10755,20,1
10386,20,1
471,20,1
1895,20,1
6619,20,1
1038,20,1
2542,20,1
11401,20,1
1209,20,1
1872,20,1
160,20,1
2003,20,1
6159,20,1
952,20,1
2490,20,1
161,20,1
9069,20,1
6724,20,1
8381,20,1
9221,20,1
951,20,1
2395,20,1
2993,20,1
4696,20,1
743,20,1
7889,20,1
5822,20,1
2233,20,1
984,20,1
1962,20,1
12976,20,1
5200,20,1
162,20,1
6035,20,1
1749,20,1
12732,9,1
9174,9,1
754,9,1
12932,9,1
4440,9,1
11904,9,1
7623,9,1
5250,9,1
11237,9,1
2949,9,1
4684,9,1
235,9,1
2055,9,1
10678,9,1
12819,9,1
7549,9,1
7649,9,1
168,9,1
10375,9,1
902,9,1
2232,9,1
9638,9,1
6121,9,1
5117,9,1
7054,9,1
8110,9,1
749,9,1
6259,9,1
11411,9,1
10438,9,1
5832,9,1
8976,9,1
4486,9,1
3810,9,1
3007,9,1
8653,9,1
13939,9,1
14938,9,1
711,9,1
3171,9,1
4591,9,1
10137,9,1
6862,9,1
6560,9,1
7397,9,1
11048,9,1
3354,9,1
3275,9,1
10699,9,1
2994,9,1
10630,9,1
12936,9,1
432,9,1
12818,9,1
1816,9,1
1701,9,1
7125,9,1
10735,9,1
6973,9,1
863,9,1
503,9,1
10742,9,1
7973,9,1
8950,9,1
2130,9,1
5635,9,1
11092,9,1
6689,9,1
15111,9,1
1687,9,1
4390,9,1
911,9,1
6377,9,1
2035,9,1
7260,9,1
1334,9,1
7030,9,1
15426,9,1
8026,9,1
6071,9,1
7935,9,1
760,9,1
14701,9,1
9652,9,1
6425,9,1
11503,9,1
615,9,1
5273,9,1
6375,9,1
1839,9,1
1943,9,1
6930,9,1
10755,9,1
3907,9,1
11137,9,1
2926,9,1
11310,9,1
12767,9,1
10386,9,1
846,9,1
3106,9,1
6966,9,1
1541,9,1
9676,9,1
5267,9,1
15400,9,1
2348,9,1
9556,9,1
7968,9,1
4938,9,1
1813,9,1
12229,9,1
5876,9,1
7693,9,1
7240,9,1
13490,9,1
471,9,1
10353,9,1
10525,9,1
1902,9,1
1646,9,1
2046,9,1
7651,9,1
7057,9,1
10608,9,1
4012,9,1
7750,9,1
6815,9,1
1975,9,1
1417,9,1
4409,9,1
939,9,1
11842,9,1
13037,9,1
664,9,1
1897,9,1
6367,9,1
6683,9,1
1012,9,1
6763,9,1
11464,9,1
7550,9,1
9537,9,1
14262,9,1
9970,9,1
6767,9,1
3915,9,1
5825,9,1
10710,9,1
10480,9,1
2611,9,1
2220,9,1
6619,9,1
3462,9,1
3160,9,1
15110,9,1
15287,9,1
8471,9,1
3896,9,1
1038,9,1
7090,9,1
1211,9,1
10381,9,1
147,9,1
404,9,1
11145,9,1
6088,9,1
2168,9,1
912,9,1
953,9,1
682,9,1
2219,9,1
3091,9,1
15129,9,1
1764,9,1
1866,9,1
2816,9,1
1411,9,1
1384,9,1
6831,9,1
6898,9,1
8770,9,1
6701,9,1
12812,9,1
6346,9,1
10585,9,1
576,9,1
11578,9,1
5884,9,1
1872,9,1
160,9,1
3491,9,1
7768,9,1
2003,9,1
531,9,1
6423,9,1
4177,9,1
6159,9,1
7001,9,1
164,9,1
952,9,1
7746,9,1
2108,9,1
7838,9,1
2490,9,1
8961,9,1
8310,9,1
161,9,1
9069,9,1
10761,9,1
4574,9,1
6666,9,1
15263,9,1
2230,9,1
6777,9,1
4161,9,1
2556,9,1
6724,9,1
6494,9,1
11863,9,1
8381,9,1
5754,9,1
6788,9,1
9221,9,1
6150,9,1
5547,9,1
3691,9,1
10374,9,1
4239,9,1
12259,9,1
12135,9,1
1841,9,1
4699,9,1
10999,9,1
5816,9,1
15525,9,1
5225,9,1
628,9,1
6306,9,1
1064,9,1
6778,9,1
2441,9,1
5242,9,1
12586,9,1
7142,9,1
2032,9,1
2226,9,1
8355,9,1
3189,9,1
8838,9,1
8966,9,1
951,9,1
7485,9,1
4986,9,1
5556,9,1
2395,9,1
972,9,1
7576,9,1
5881,9,1
1931,9,1
436,9,1
6572,9,1
5227,9,1
6851,9,1
6225,9,1
8052,9,1
4321,9,1
3782,9,1
14996,9,1
10696,9,1
10826,9,1
743,9,1
9584,9,1
6064,9,1
6638,9,1
7889,9,1
3309,9,1
9322,9,1
6180,9,1
3536,9,1
2391,9,1
6922,9,1
6962,9,1
1486,9,1
12983,9,1
6805,9,1
595,9,1
896,9,1
1230,9,1
4439,9,1
7031,9,1
6980,9,1
4340,9,1
124,9,1
2233,9,1
1409,9,1
10646,9,1
10230,9,1
617,9,1
155,9,1
6350,9,1
981,9,1
3048,9,1
688,9,1
6293,9,1
7106,9,1
11133,9,1
15220,9,1
10083,9,1
6402,9,1
6265,9,1
1249,9,1
15433,9,1
411,9,1
13239,9,1
7594,9,1
8715,9,1
5373,9,1
3490,9,1
1568,9,1
10242,9,1
6733,9,1
11397,9,1
563,9,1
15137,9,1
3196,9,1
3478,9,1
294,9,1
9976,9,1
9836,9,1
6617,9,1
791,9,1
3908,9,1
3606,9,1
2316,9,1
1738,9,1
3507,9,1
10065,9,1
788,9,1
909,9,1
1077,9,1
2223,9,1
7243,9,1
6780,9,1
1258,9,1
10477,9,1
11691,9,1
3409,9,1
9589,9,1
427,9,1
11054,9,1
9369,9,1
755,9,1
841,9,1
591,9,1
6338,9,1
565,9,1
10539,9,1
5650,9,1
2112,9,1
4904,9,1
10715,9,1
6161,9,1
12976,9,1
10300,9,1
4558,9,1
449,9,1
5222,9,1
4312,9,1
8570,9,1
6162,9,1
1134,9,1
8919,9,1
11102,9,1
11606,9,1
7025,9,1
4949,9,1
1809,9,1
1091,9,1
5231,9,1
2111,9,1
90,9,1
6478,9,1
10864,9,1
6025,9,1
2056,9,1
151,9,1
1449,9,1
10069,9,1
6479,9,1
1608,9,1
9534,9,1
1400,9,1
2231,9,1
9565,9,1
162,9,1
3517,9,1
11768,9,1
6335,9,1
6782,9,1
4950,9,1
11113,9,1
6779,9,1
10363,9,1
8012,9,1
11022,9,1
1692,9,1
5731,9,1
2347,9,1
12951,9,1
7919,9,1
4276,9,1
7439,9,1
9983,9,1
10203,9,1
1834,9,1
8685,9,1
2134,9,1
1683,9,1
6829,9,1
4412,9,1
5905,9,1
7712,9,1
2307,9,1
6251,9,1
9345,9,1
6581,9,1
7023,9,1
1797,9,1
6399,9,1
378,9,1
6035,9,1
11492,9,1
6833,9,1
6183,9,1
5425,9,1
6124,9,1
365,9,1
6769,9,1
1718,9,1
11276,9,1
330,9,1
1878,9,1
6289,9,1
2058,9,1
10790,9,1
10136,9,1
14387,9,1
5891,9,1
6445,9,1
10723,9,1
2317,9,1
15367,9,1
9153,9,1
323,9,1
7656,9,1
6688,9,1
2654,9,1
12193,9,1
7779,9,1
1571,9,1
14361,9,1
464,9,1
5914,9,1
12732,6,1
5250,6,1
11237,6,1
2949,6,1
235,6,1
2055,6,1
5117,6,1
7054,6,1
8110,6,1
6259,6,1
8653,6,1
13939,6,1
14938,6,1
10699,6,1
2994,6,1
10630,6,1
12936,6,1
2063,6,1
500,6,1
7125,6,1
863,6,1
5888,6,1
8950,6,1
11092,6,1
2035,6,1
7260,6,1
8026,6,1
4295,6,1
7935,6,1
6425,6,1
5885,6,1
615,6,1
6930,6,1
10755,6,1
3907,6,1
11137,6,1
3106,6,1
1181,6,1
9676,6,1
15400,6,1
2348,6,1
7240,6,1
8135,6,1
1902,6,1
12955,6,1
7057,6,1
1349,6,1
6294,6,1
6167,6,1
11464,6,1
4868,6,1
2220,6,1
6619,6,1
15110,6,1
1038,6,1
10381,6,1
2013,6,1
3492,6,1
912,6,1
3091,6,1
1764,6,1
14990,6,1
1819,6,1
11228,6,1
6831,6,1
1910,6,1
8770,6,1
576,6,1
11578,6,1
5884,6,1
6159,6,1
952,6,1
2490,6,1
10007,6,1
5285,6,1
11863,6,1
5754,6,1
5547,6,1
10999,6,1
5816,6,1
7142,6,1
2226,6,1
8838,6,1
951,6,1
551,6,1
12806,6,1
436,6,1
6363,6,1
7916,6,1
3309,6,1
3536,6,1
4340,6,1
617,6,1
9214,6,1
1249,6,1
380,6,1
9976,6,1
7658,6,1
3908,6,1
1962,6,1
9589,6,1
1068,6,1
5650,6,1
6590,6,1
13956,6,1
6161,6,1
2863,6,1
12976,6,1
8570,6,1
4949,6,1
90,6,1
1400,6,1
2231,6,1
1692,6,1
12951,6,1
2113,6,1
1116,6,1
6769,6,1
7344,6,1
15367,6,1
2002,6,1
12732,28,1
10678,28,1
6121,28,1
1887,28,1
3925,28,1
911,28,1
15426,28,1
11137,28,1
2017,28,1
1646,28,1
1975,28,1
15110,28,1
1038,28,1
404,28,1
1872,28,1
2003,28,1
6666,28,1
7137,28,1
972,28,1
3199,28,1
2993,28,1
8052,28,1
10362,28,1
12485,28,1
1308,28,1
2008,28,1
2164,28,1
6782,28,1
156,28,1
5731,28,1
10203,28,1
2134,28,1
6035,28,1
10811,28,1
6313,28,1
6651,28,1
12732,7,1
4278,7,1
754,7,1
11192,7,1
11312,7,1
12932,7,1
4440,7,1
9907,7,1
3367,7,1
11904,7,1
7623,7,1
2301,7,1
5250,7,1
11237,7,1
7029,7,1
4684,7,1
235,7,1
10678,7,1
7549,7,1
4876,7,1
7649,7,1
168,7,1
9191,7,1
2933,7,1
10375,7,1
9638,7,1
10759,7,1
1431,7,1
5117,7,1
7054,7,1
8110,7,1
1310,7,1
749,7,1
1887,7,1
10523,7,1
284,7,1
11411,7,1
11158,7,1
3050,7,1
8976,7,1
4486,7,1
3810,7,1
522,7,1
2061,7,1
13939,7,1
14938,7,1
2638,7,1
1365,7,1
711,7,1
10137,7,1
15494,7,1
11235,7,1
6862,7,1
4695,7,1
6560,7,1
7397,7,1
2267,7,1
3354,7,1
4942,7,1
3275,7,1
10699,7,1
2994,7,1
10630,7,1
2063,7,1
3745,7,1
10369,7,1
3925,7,1
12818,7,1
1701,7,1
6266,7,1
6762,7,1
7125,7,1
532,7,1
10735,7,1
8443,7,1
6973,7,1
503,7,1
10742,7,1
5888,7,1
15329,7,1
8950,7,1
1753,7,1
9898,7,1
2130,7,1
3148,7,1
6689,7,1
15111,7,1
1687,7,1
6811,7,1
6377,7,1
2035,7,1
7260,7,1
1334,7,1
7030,7,1
8026,7,1
6201,7,1
7935,7,1
4583,7,1
760,7,1
3645,7,1
14701,7,1
6968,7,1
9652,7,1
6425,7,1
6285,7,1
15164,7,1
7044,7,1
11503,7,1
5885,7,1
4423,7,1
615,7,1
7238,7,1
4676,7,1
6375,7,1
1839,7,1
3470,7,1
6930,7,1
10755,7,1
7187,7,1
859,7,1
3907,7,1
7100,7,1
14826,7,1
5618,7,1
11137,7,1
11310,7,1
10953,7,1
12767,7,1
846,7,1
3106,7,1
58,7,1
6966,7,1
1541,7,1
9676,7,1
5267,7,1
15400,7,1
2348,7,1
9556,7,1
1813,7,1
1941,7,1
1664,7,1
12229,7,1
420,7,1
7419,7,1
7240,7,1
471,7,1
6774,7,1
1674,7,1
10353,7,1
10525,7,1
3046,7,1
5550,7,1
4732,7,1
5882,7,1
165,7,1
2017,7,1
1902,7,1
12562,7,1
1646,7,1
2046,7,1
7651,7,1
12955,7,1
1895,7,1
10608,7,1
8021,7,1
1975,7,1
10179,7,1
7109,7,1
2910,7,1
1417,7,1
4409,7,1
1318,7,1
939,7,1
297,7,1
13037,7,1
6294,7,1
664,7,1
7141,7,1
11055,7,1
1897,7,1
6367,7,1
11481,7,1
9389,7,1
6683,7,1
1012,7,1
6763,7,1
7785,7,1
3855,7,1
7550,7,1
136,7,1
9537,7,1
14510,7,1
14262,7,1
4868,7,1
6096,7,1
3915,7,1
10710,7,1
2611,7,1
8296,7,1
2220,7,1
6619,7,1
12277,7,1
3462,7,1
1933,7,1
15110,7,1
15287,7,1
1038,7,1
361,7,1
7090,7,1
2542,7,1
1211,7,1
8723,7,1
10381,7,1
2013,7,1
9540,7,1
404,7,1
3492,7,1
11145,7,1
6088,7,1
3906,7,1
2168,7,1
912,7,1
11401,7,1
11253,7,1
953,7,1
682,7,1
8045,7,1
2219,7,1
1764,7,1
2816,7,1
11297,7,1
2954,7,1
11228,7,1
6371,7,1
9558,7,1
1910,7,1
12772,7,1
8770,7,1
12812,7,1
1265,7,1
5270,7,1
1209,7,1
8047,7,1
10494,7,1
9723,7,1
10585,7,1
576,7,1
11578,7,1
1872,7,1
1283,7,1
160,7,1
1780,7,1
4214,7,1
5003,7,1
2003,7,1
11417,7,1
3086,7,1
5272,7,1
7202,7,1
4179,7,1
6423,7,1
4177,7,1
6159,7,1
164,7,1
952,7,1
4596,7,1
7746,7,1
1801,7,1
11174,7,1
2108,7,1
4650,7,1
7838,7,1
2490,7,1
8310,7,1
5962,7,1
5820,7,1
10016,7,1
1817,7,1
161,7,1
10464,7,1
9069,7,1
12569,7,1
4574,7,1
7093,7,1
5285,7,1
6666,7,1
15263,7,1
6777,7,1
159,7,1
4161,7,1
2556,7,1
6724,7,1
11863,7,1
3848,7,1
8381,7,1
6641,7,1
10938,7,1
9221,7,1
6150,7,1
3691,7,1
11197,7,1
511,7,1
5275,7,1
4239,7,1
12135,7,1
1084,7,1
10184,7,1
1442,7,1
1841,7,1
4699,7,1
5875,7,1
10999,7,1
5225,7,1
7248,7,1
6306,7,1
7395,7,1
1617,7,1
1064,7,1
6778,7,1
7748,7,1
2441,7,1
7137,7,1
15356,7,1
5242,7,1
12586,7,1
6553,7,1
9338,7,1
7117,7,1
7142,7,1
2032,7,1
2191,7,1
272,7,1
15138,7,1
8355,7,1
3189,7,1
8838,7,1
8966,7,1
8125,7,1
951,7,1
1280,7,1
12957,7,1
7485,7,1
1075,7,1
551,7,1
1829,7,1
2395,7,1
972,7,1
12806,7,1
7576,7,1
5881,7,1
3199,7,1
10616,7,1
11755,7,1
4011,7,1
6620,7,1
11450,7,1
1931,7,1
436,7,1
6572,7,1
5227,7,1
6851,7,1
4696,7,1
6687,7,1
6225,7,1
2400,7,1
7916,7,1
11057,7,1
10628,7,1
4321,7,1
3975,7,1
482,7,1
6198,7,1
3782,7,1
11258,7,1
2456,7,1
14996,7,1
10696,7,1
10826,7,1
11924,7,1
9584,7,1
2028,7,1
6638,7,1
1485,7,1
7889,7,1
1991,7,1
5822,7,1
6070,7,1
8228,7,1
9322,7,1
3536,7,1
2391,7,1
6922,7,1
4586,7,1
1486,7,1
12983,7,1
6805,7,1
10161,7,1
595,7,1
12485,7,1
1762,7,1
896,7,1
737,7,1
1230,7,1
5431,7,1
4439,7,1
7031,7,1
6980,7,1
1389,7,1
6020,7,1
3036,7,1
1409,7,1
10646,7,1
10230,7,1
6995,7,1
7791,7,1
6350,7,1
7281,7,1
3030,7,1
981,7,1
3048,7,1
1308,7,1
9214,7,1
5509,7,1
11087,7,1
7106,7,1
5423,7,1
15220,7,1
198,7,1
10083,7,1
6265,7,1
984,7,1
7363,7,1
12362,7,1
8339,7,1
411,7,1
13239,7,1
1254,7,1
9553,7,1
8715,7,1
5373,7,1
6716,7,1
15427,7,1
5448,7,1
106,7,1
7523,7,1
5236,7,1
6122,7,1
11397,7,1
563,7,1
15137,7,1
2008,7,1
6052,7,1
294,7,1
2068,7,1
9976,7,1
9836,7,1
12754,7,1
3231,7,1
7658,7,1
2164,7,1
6617,7,1
3908,7,1
4451,7,1
3606,7,1
8394,7,1
2316,7,1
1156,7,1
10653,7,1
12180,7,1
1738,7,1
1247,7,1
10065,7,1
788,7,1
1545,7,1
909,7,1
6845,7,1
6780,7,1
5248,7,1
1962,7,1
1258,7,1
10477,7,1
10059,7,1
3409,7,1
9589,7,1
7966,7,1
427,7,1
11054,7,1
755,7,1
8049,7,1
7522,7,1
9561,7,1
841,7,1
591,7,1
7379,7,1
6338,7,1
565,7,1
10845,7,1
5650,7,1
6590,7,1
2112,7,1
4904,7,1
10715,7,1
1986,7,1
13956,7,1
602,7,1
6161,7,1
4422,7,1
2863,7,1
12976,7,1
207,7,1
10300,7,1
4558,7,1
6413,7,1
7793,7,1
7528,7,1
449,7,1
1636,7,1
6943,7,1
3518,7,1
6162,7,1
1134,7,1
11102,7,1
11060,7,1
7025,7,1
1311,7,1
4949,7,1
5200,7,1
9905,7,1
1091,7,1
1582,7,1
4317,7,1
5231,7,1
534,7,1
7803,7,1
2111,7,1
4292,7,1
5223,7,1
90,7,1
3084,7,1
7364,7,1
6478,7,1
10864,7,1
6025,7,1
2056,7,1
3337,7,1
151,7,1
1449,7,1
10069,7,1
14736,7,1
6479,7,1
1608,7,1
481,7,1
11225,7,1
1105,7,1
9538,7,1
6563,7,1
8889,7,1
2231,7,1
9565,7,1
3517,7,1
6598,7,1
7558,7,1
6955,7,1
3335,7,1
6782,7,1
2115,7,1
9011,7,1
14037,7,1
794,7,1
6865,7,1
6779,7,1
11022,7,1
10388,7,1
1510,7,1
156,7,1
5731,7,1
643,7,1
12951,7,1
7919,7,1
4276,7,1
7439,7,1
9983,7,1
6825,7,1
11916,7,1
12198,7,1
8752,7,1
10203,7,1
6768,7,1
1834,7,1
2113,7,1
8685,7,1
1629,7,1
2134,7,1
10100,7,1
4412,7,1
10418,7,1
15529,7,1
11334,7,1
1563,7,1
3525,7,1
14948,7,1
2307,7,1
6251,7,1
9345,7,1
1152,7,1
10279,7,1
7023,7,1
6399,7,1
7977,7,1
378,7,1
2672,7,1
11492,7,1
11029,7,1
2747,7,1
5284,7,1
6833,7,1
443,7,1
10957,7,1
10228,7,1
8327,7,1
7085,7,1
1116,7,1
6668,7,1
6183,7,1
13140,7,1
15256,7,1
458,7,1
6028,7,1
365,7,1
278,7,1
3502,7,1
6299,7,1
3973,7,1
1718,7,1
988,7,1
6667,7,1
6308,7,1
9881,7,1
12288,7,1
4430,7,1
1868,7,1
958,7,1
11496,7,1
9906,7,1
6838,7,1
1170,7,1
330,7,1
1878,7,1
9536,7,1
2679,7,1
2058,7,1
10808,7,1
7984,7,1
10915,7,1
4228,7,1
7073,7,1
11913,7,1
7354,7,1
10421,7,1
12802,7,1
7114,7,1
2109,7,1
10136,7,1
1552,7,1
5891,7,1
8808,7,1
6785,7,1
1158,7,1
6458,7,1
2317,7,1
10176,7,1
15367,7,1
745,7,1
2002,7,1
3981,7,1
9255,7,1
5887,7,1
6026,7,1
4293,7,1
6771,7,1
7226,7,1
1345,7,1
3900,7,1
7656,7,1
3827,7,1
1388,7,1
5416,7,1
11033,7,1
6688,7,1
6030,7,1
9418,7,1
2921,7,1
5856,7,1
14605,7,1
1953,7,1
10625,7,1
2807,7,1
6471,7,1
748,7,1
3769,7,1
12189,7,1
3263,7,1
4313,7,1
3053,7,1
4784,7,1
2639,7,1
12732,4,1
9174,4,1
11312,4,1
4440,4,1
3367,4,1
11237,4,1
235,4,1
2055,4,1
10678,4,1
7054,4,1
8110,4,1
749,4,1
10438,4,1
8976,4,1
8653,4,1
10814,4,1
15313,4,1
3171,4,1
6862,4,1
6560,4,1
12936,4,1
10369,4,1
3925,4,1
12818,4,1
7125,4,1
6973,4,1
863,4,1
8950,4,1
4390,4,1
2035,4,1
7260,4,1
8026,4,1
4295,4,1
6201,4,1
6425,4,1
5885,4,1
615,4,1
6930,4,1
10755,4,1
859,4,1
3907,4,1
5618,4,1
11137,4,1
12767,4,1
10386,4,1
6662,4,1
1181,4,1
9676,4,1
1813,4,1
471,4,1
1674,4,1
8135,4,1
10525,4,1
165,4,1
1902,4,1
7651,4,1
12955,4,1
1895,4,1
10608,4,1
4012,4,1
7750,4,1
2910,4,1
1349,4,1
6294,4,1
6683,4,1
1012,4,1
6763,4,1
11464,4,1
3855,4,1
4868,4,1
6096,4,1
9970,4,1
2611,4,1
2220,4,1
7643,4,1
361,4,1
10381,4,1
3492,4,1
6088,4,1
4690,4,1
11401,4,1
270,4,1
6831,4,1
8770,4,1
11578,4,1
1872,4,1
160,4,1
2003,4,1
11417,4,1
1454,4,1
6361,4,1
6423,4,1
6159,4,1
164,4,1
952,4,1
4596,4,1
7746,4,1
2108,4,1
2490,4,1
8961,4,1
1817,4,1
161,4,1
9069,4,1
10007,4,1
15263,4,1
2230,4,1
11863,4,1
6641,4,1
10703,4,1
4239,4,1
10999,4,1
5816,4,1
15525,4,1
7748,4,1
7137,4,1
951,4,1
6288,4,1
2993,4,1
4011,4,1
6851,4,1
4696,4,1
6687,4,1
4321,4,1
3975,4,1
3782,4,1
10826,4,1
743,4,1
6064,4,1
7889,4,1
5822,4,1
3536,4,1
2391,4,1
10161,4,1
2233,4,1
617,4,1
155,4,1
1249,4,1
13239,4,1
1568,4,1
10242,4,1
791,4,1
3908,4,1
788,4,1
1962,4,1
9589,4,1
755,4,1
9561,4,1
5650,4,1
13956,4,1
6161,4,1
10300,4,1
6181,4,1
8570,4,1
3405,4,1
4949,4,1
90,4,1
1400,4,1
162,4,1
11113,4,1
10363,4,1
156,4,1
2113,4,1
10343,4,1
6581,4,1
5226,4,1
1779,4,1
7984,4,1
10915,4,1
7114,4,1
15367,4,1
2002,4,1
8606,4,1
11192,5,1
4440,5,1
235,5,1
8653,5,1
14938,5,1
3171,5,1
4540,5,1
8950,5,1
911,5,1
2035,5,1
615,5,1
10755,5,1
3106,5,1
1027,5,1
7240,5,1
1902,5,1
12955,5,1
1975,5,1
4409,5,1
13037,5,1
6683,5,1
6763,5,1
15110,5,1
2013,5,1
2168,5,1
1819,5,1
8770,5,1
160,5,1
11417,5,1
4177,5,1
2490,5,1
161,5,1
2230,5,1
3848,5,1
4239,5,1
12135,5,1
1084,5,1
743,5,1
6064,5,1
5822,5,1
3309,5,1
2391,5,1
6922,5,1
2233,5,1
617,5,1
1568,5,1
2316,5,1
90,5,1
1400,5,1
2231,5,1
162,5,1
12951,5,1
4440,30,1
2232,30,1
4390,30,1
615,30,1
6375,30,1
3907,30,1
1902,30,1
743,30,1
2233,30,1
7658,30,1
2231,30,1
4440,26,1
6259,26,1
1068,26,1
235,3,1
2055,3,1
8653,3,1
432,3,1
4390,3,1
7240,3,1
1902,3,1
12955,3,1
13037,3,1
664,3,1
1012,3,1
6763,3,1
11464,3,1
15110,3,1
10381,3,1
2168,3,1
1866,3,1
1819,3,1
10585,3,1
576,3,1
160,3,1
11417,3,1
4177,3,1
2490,3,1
8961,3,1
161,3,1
10007,3,1
743,3,1
5822,3,1
6922,3,1
617,3,1
1249,3,1
3908,3,1
841,3,1
1809,3,1
90,3,1
162,3,1
235,25,1
2232,25,1
5117,25,1
8110,25,1
2994,25,1
863,25,1
8026,25,1
1027,25,1
471,25,1
1674,25,1
8135,25,1
7090,25,1
2013,25,1
6088,25,1
11401,25,1
270,25,1
1764,25,1
1819,25,1
6159,25,1
5547,25,1
4239,25,1
193,25,1
7748,25,1
7142,25,1
10628,25,1
5822,25,1
3048,25,1
9214,25,1
1962,25,1
6338,25,1
13956,25,1
4558,25,1
8570,25,1
90,25,1
1400,25,1
1749,25,1
10136,25,1
235,14,1
4179,14,1
2490,14,1
161,14,1
5822,14,1
2316,14,1
3337,14,1
6375,27,1
1181,27,1
1027,27,1
4239,27,1
90,27,1
912,13,1
4412,13,1
